País o territorio, Máx_publicadores , Bautizados , Prom_precursores , Congregaciones , Asistencia_conmemoracion ,Año
Albania,5637,230,1351,89,11927,2017
Alemania,165470,2839,13699,2118,267296,2017
Andorra,178,1,18,3,352,2017
Angola,143322,11758,19631,1913,617099,2017
Anguila,81,1,10,2,297,2017
Antigua,485,15,49,7,1398,2017
Argentina,150823,3962,24676,1999,312070,2017
Armenia,10974,295,2221,134,21874,2017
Aruba,1072,34,87,14,2879,2017
Australia,67748,1272,6348,798,116274,2017
Austria,21567,411,1667,301,34712,2017
Azerbaiyán,1414,72,349,14,2865,2017
Azores,755,25,90,15,1512,2017
Bahamas,1702,43,244,27,4375,2017
Bangladesh,307,6,138,6,976,2017
Barbados,2529,48,206,30,6003,2017
Bélgica,25480,404,1864,348,42998,2017
Belice,2628,52,516,61,8348,2017
Benín,12939,663,1663,202,43514,2017
Bermudas,480,6,89,5,990,2017
Bielorrusia,5913,186,1205,78,9767,2017
Bolivia,27699,976,5947,372,80663,2017
Bonaire,131,0,14,2,333,2017
Bosnia-Herzegovina,1144,4,192,16,1855,2017
Botsuana,2245,68,295,44,6550,2017
Brasil,858799,31740,106202,12135,1822259,2017
Bulgaria,2475,51,690,56,5327,2017
Burkina Faso,1863,69,279,46,5009,2017
Burundi,13927,768,2091,267,51909,2017
Cabo Verde,2239,103,423,33,7374,2017
Caimán (islas),257,6,31,3,631,2017
Camboya,1120,42,617,14,2791,2017
Camerún,43092,1517,4945,461,100674,2017
Canadá,115580,1902,12939,1406,183587,2017
"Centroafricana, Rep,",2763,182,326,53,17255,2017
Chad,863,59,76,18,4312,2017
"Checa, Rep,",15587,226,1263,219,25837,2017
Chile,78603,1872,13201,991,175877,2017
Chipre,2600,65,454,40,4709,2017
Chuuk,46,0,15,2,225,2017
Colombia,173802,6380,27056,2359,515800,2017
"Congo, Rep, del",7270,416,607,81,31230,2017
"Congo, Rep, Dem, del",216696,14276,20685,3763,1156482,2017
Cook (islas),213,1,30,3,547,2017
Corea del Sur,100245,1743,42554,1300,132497,2017
Costa de Marfil,11948,498,1682,324,75233,2017
Costa Rica,31423,1159,3654,447,71445,2017
Croacia,5206,85,478,60,7944,2017
Cuba,95385,2780,10307,1569,220661,2017
Curazao,2123,49,233,26,5310,2017
Dinamarca,14669,194,1026,175,21301,2017
Dominica,453,6,74,10,1365,2017
"Dominicana, Rep,",38286,1449,7487,585,120171,2017
Ecuador,92752,3552,16824,1074,267182,2017
El Salvador,41424,1036,5625,709,90332,2017
Eslovaquia,11395,208,966,139,20847,2017
Eslovenia,1881,29,241,30,2934,2017
España,112916,2037,16131,1499,188092,2017
Estados Unidos,1232293,27674,181879,13578,2459741,2017
Estonia,4053,61,516,56,6159,2017
Etiopía,10355,392,2454,222,24910,2017
Feroe (islas),130,1,28,4,186,2017
Filipinas,210914,10781,44860,3383,575813,2017
Finlandia,18372,236,2105,291,25447,2017
Fiyi,3278,152,489,80,11986,2017
Francia,128980,2472,15219,1708,220124,2017
Gabón,4499,166,599,50,12704,2017
Gambia,213,8,28,4,576,2017
Georgia,18150,395,3393,225,30044,2017
Ghana,135498,6743,15267,2019,340731,2017
Gibraltar,124,0,17,2,171,2017
Gran Bretaña,137468,2216,14302,1626,222201,2017
Granada,569,4,71,10,1446,2017
Grecia,28773,510,4201,370,44748,2017
Groenlandia,173,1,39,5,348,2017
Guadalupe,8207,198,726,120,19092,2017
Guam,726,21,142,9,1852,2017
Guatemala,40222,1783,6572,902,96767,2017
Guayana Francesa,2614,93,428,49,10049,2017
Guinea,929,55,119,20,3728,2017
Guinea-Bissau,170,5,45,3,745,2017
Guinea Ecuatorial,2147,142,255,17,7670,2017
Guyana,3545,119,500,48,12315,2017
Haití,20472,1057,2853,290,79415,2017
Honduras,23106,987,4435,445,65718,2017
Hong Kong,5452,454,1041,63,9101,2017
Hungría,21853,392,1942,295,37831,2017
India,46996,2592,7821,660,126809,2017
Indonesia,27475,675,4136,492,56795,2017
Irlanda,6747,68,1001,120,12082,2017
Islandia,377,8,52,7,695,2017
Israel,1707,46,268,30,3594,2017
Italia,251192,4542,36938,2955,431035,2017
Jamaica,11525,327,1559,186,33029,2017
Japón,213473,1970,65821,3047,291158,2017
Kazajistán,17639,411,3781,260,30112,2017
Kenia,28222,1700,3605,639,70011,2017
Kirguistán,5235,225,1184,71,10067,2017
Kiribati,179,11,34,4,403,2017
Kosovo,269,2,110,8,625,2017
Kosrae,19,0,5,1,106,2017
Lesoto,4067,230,470,90,9955,2017
Letonia,2278,42,336,36,3366,2017
Liberia,6808,379,709,138,49606,2017
Liechtenstein,89,1,1,1,148,2017
Lituania,3056,66,445,46,4747,2017
Luxemburgo,2172,59,165,33,3889,2017
Macao,305,5,74,4,630,2017
Macedonia,1320,58,175,24,2821,2017
Madagascar,34980,1224,5978,736,139608,2017
Madeira,1119,24,105,18,1834,2017
Malasia,5069,151,1387,118,12780,2017
Malaui,93412,10854,7127,1540,315784,2017
Mali,307,7,51,7,1267,2017
Malta,757,15,96,9,1204,2017
Malvinas (islas),11,0,1,1,23,2017
Marshall (islas),188,6,30,4,888,2017
Martinica,4809,118,618,65,10310,2017
Mauricio,1922,34,212,25,4359,2017
Mayotte,165,11,41,3,367,2017
México,871207,32408,145041,13331,2257346,2017
Moldavia,19553,490,2365,233,34657,2017
Mongolia,482,15,205,10,1275,2017
Montenegro,271,2,65,5,566,2017
Montserrat,27,0,12,1,158,2017
Mozambique,59990,3236,5206,1254,283861,2017
Myanmar,4296,158,639,79,8659,2017
Namibia,2473,168,263,45,7779,2017
Nauru,21,1,2,1,123,2017
Nepal,2506,132,861,40,7346,2017
Nicaragua,29082,1054,4487,491,88198,2017
Nieves,62,0,3,1,239,2017
Níger,316,6,38,7,866,2017
Nigeria,381398,13531,39389,6533,800874,2017
Niue,24,0,3,1,67,2017
Norfolk (isla),7,0,0,1,18,2017
Noruega,11652,214,1064,167,18100,2017
Nueva Caledonia,2383,81,244,34,5964,2017
Nueva Zelanda,14150,363,1334,187,26735,2017
Países Bajos,29756,494,2001,360,50429,2017
Pakistán,1109,27,99,19,3956,2017
Palaos,85,3,13,2,231,2017
"Palestino, Territorio",83,3,11,2,177,2017
Panamá,17620,571,3030,326,53494,2017
Papúa Nueva Guinea,4291,277,518,116,34395,2017
Paraguay,10413,372,1825,230,24430,2017
Perú,128467,4461,28889,1482,360210,2017
Polonia,118036,1571,8244,1294,185246,2017
Ponapé,68,0,23,1,209,2017
Portugal,49466,994,4638,652,87239,2017
Puerto Rico,25187,560,3865,306,50492,2017
Reunión,3270,83,426,38,6517,2017
Rodríguez,53,2,8,1,154,2017
Rota,11,0,3,1,29,2017
Ruanda,28972,1680,5146,571,80093,2017
Rumania,40101,886,3956,551,75587,2017
Saba,12,0,3,0,74,2017
Saipán,245,11,40,3,731,2017
Salomón (islas),2066,62,250,53,10405,2017
Samoa,510,37,95,13,2385,2017
Samoa Norteamericana,189,0,38,3,625,2017
San Bartolomé,34,0,6,1,55,2017
San Cristóbal,217,3,27,4,705,2017
San Eustaquio,29,0,3,1,95,2017
San Marino,191,0,30,2,306,2017
"San Martín (terr, francés)",311,2,25,5,954,2017
"San Martín (terr, holandés)",344,15,38,5,1101,2017
San Pedro y Miquelón,14,0,7,1,14,2017
San Vicente y las Granadinas,344,8,43,8,1139,2017
Santa Elena,115,1,0,3,269,2017
Santa Lucía,783,17,106,11,2177,2017
Santo Tomé y Príncipe,831,49,133,13,3384,2017
Senegal,1353,37,170,26,2795,2017
Serbia,3922,93,626,67,8144,2017
Seychelles,341,13,44,4,953,2017
Sierra Leona,2262,101,261,39,8831,2017
Sri Lanka,6165,194,817,114,14570,2017
Suazilandia,3212,144,302,81,9020,2017
Sudáfrica,104395,3525,12957,2047,267800,2017
Sudán,703,16,83,15,2517,2017
Sudán del Sur,1334,111,172,35,5225,2017
Suecia,22418,293,2391,309,34966,2017
Suiza,19251,340,1243,273,31952,2017
Surinam,3106,120,338,55,10237,2017
Tahití,3219,108,515,48,9136,2017
Tailandia,4868,114,1758,122,9535,2017
Taiwán,10498,611,3536,169,19545,2017
Tanzania,17878,1302,1923,465,56344,2017
Timor Oriental,349,34,73,5,1002,2017
Tinián,17,0,2,1,45,2017
Togo,20683,846,2145,297,66927,2017
Tonga,221,15,26,3,582,2017
Trinidad y Tobago,9892,221,1329,126,23585,2017
Turcas y Caicos (islas),384,10,49,6,1215,2017
Turquía,3030,118,629,40,5431,2017
Tuvalu,125,6,5,1,178,2017
Ucrania,140300,3125,19888,1610,229126,2017
Uganda,7542,517,1092,149,24837,2017
Uruguay,11825,297,1233,156,23426,2017
Vanuatu,770,87,81,15,2925,2017
Venezuela,149355,6765,33353,1886,478266,2017
"Vírgenes Brit, (islas)",241,0,34,4,802,2017
"Vírgenes de EE, UU, (islas)",607,14,112,10,1503,2017
Wallis y Futuna (islas),46,0,1,1,198,2017
Yap,27,1,10,1,112,2017
Zambia,191311,11884,15232,3126,883246,2017
Zimbabue,46440,2417,6365,1239,120065,2017
33 paises y territorios mas,218096,5835,45749,3242,354497,2017
Albania,5647,143,1332,93,11866,2018
Alemania,165870,2791,13998,2105,262628,2018
Andorra,178,3,16,3,354,2018
Angola,155991,12215,22994,2111,635980,2018
Anguila,67,0,11,2,225,2018
Antigua,479,9,48,7,1337,2018
Argentina,153342,4229,24075,1980,312994,2018
Armenia,10977,262,2213,134,21843,2018
Aruba,1080,31,96,14,2898,2018
Australia,68247,1250,6578,786,116581,2018
Austria,21563,332,1690,299,34118,2018
Azerbaiyán,1430,77,335,14,2874,2018
Azores,767,11,102,15,1528,2018
Bahamas,1762,46,244,27,4237,2018
Bangladesh,303,15,137,6,839,2018
Barbados,2496,55,190,30,5573,2018
Bélgica,25429,425,1939,339,43326,2018
Belice,2673,125,534,63,7987,2018
Benín,13644,587,1725,209,44661,2018
Bermudas,521,8,88,5,927,2018
Bielorrusia,6146,224,1255,80,10046,2018
Bolivia,27776,1414,6684,404,86800,2018
Bonaire,160,0,20,2,351,2018
Bosnia-Herzegovina,1108,10,179,16,1690,2018
Botsuana,2316,118,306,45,6225,2018
Brasil,869537,32457,113750,12270,1827079,2018
Bulgaria,2530,52,702,55,5424,2018
Burkina Faso,1958,74,277,48,4309,2018
Burundi,14508,921,2211,266,50681,2018
Cabo Verde,2317,119,417,34,7874,2018
Caimán (islas),265,3,34,3,620,2018
Camboya,1156,27,648,16,3023,2018
Camerún,43965,1764,5198,486,98947,2018
Canadá,115959,1703,13125,1402,183048,2018
"Centroafricana, Rep,",2889,138,306,56,17622,2018
Chad,847,69,76,19,4558,2018
"Checa, Rep,",15442,228,1274,216,26370,2018
Chile,80451,2140,13280,1012,177431,2018
Chipre,2659,45,454,43,4674,2018
Chuuk,47,2,17,2,181,2018
Colombia,181691,6482,27657,2243,512386,2018
"Congo, Rep, del",7899,550,737,88,34550,2018
"Congo, Rep, Dem, del",229740,15825,20940,3772,1220046,2018
Cook (islas),196,3,26,3,482,2018
Corea del Sur,101246,1770,43692,1278,135489,2018
Costa de Marfil,11938,525,1657,324,69529,2018
Costa Rica,31786,1023,3711,451,69999,2018
Croacia,5042,81,438,59,7579,2018
Cuba,95031,2537,9985,1503,230936,2018
Curazao,2057,60,229,26,5259,2018
Dinamarca,14644,227,1075,173,20923,2018
Dominica,428,17,60,10,1046,2018
"Dominicana, Rep,",38606,1307,7234,577,113928,2018
Ecuador,97168,4449,17887,1119,276542,2018
El Salvador,40900,1006,5362,738,88132,2018
Eslovaquia,11293,188,929,134,20639,2018
Eslovenia,1841,17,232,30,2842,2018
España,114544,2230,16423,1486,189369,2018
Estados Unidos,1234877,26618,181822,13016,2441125,2018
Estonia,4036,88,510,57,6265,2018
Etiopía,10472,395,2416,221,23401,2018
Feroe (islas),123,0,28,4,170,2018
Filipinas,217220,9330,46757,3419,601325,2018
Finlandia,18324,241,2132,290,24814,2018
Fiyi,3250,127,505,82,11131,2018
Francia,129974,2126,15012,1687,222822,2018
Gabón,4604,185,609,53,11002,2018
Gambia,246,4,32,5,597,2018
Georgia,18173,456,3334,219,31930,2018
Ghana,140274,6260,15639,2097,387138,2018
Gibraltar,128,4,18,2,156,2018
Gran Bretaña,139783,2293,14424,1615,221205,2018
Granada,595,5,65,10,1215,2018
Grecia,28254,524,4059,359,44777,2018
Groenlandia,165,5,35,5,318,2018
Guadalupe,8332,207,708,121,19065,2018
Guam,745,11,159,10,1878,2018
Guatemala,40490,1315,6688,884,96570,2018
Guayana Francesa,2694,109,429,47,10535,2018
Guinea,1015,49,119,20,4059,2018
Guinea-Bissau,171,8,44,3,642,2018
Guinea Ecuatorial,2272,165,279,22,8342,2018
Guyana,3121,132,472,48,13330,2018
Haití,19951,995,2788,282,82913,2018
Honduras,23430,883,4276,450,63549,2018
Hong Kong,5571,498,1104,63,9880,2018
Hungría,21412,411,1861,294,36677,2018
India,48615,1702,7958,684,136916,2018
Indonesia,28283,1442,4283,492,58658,2018
Irlanda,7061,131,1048,120,11842,2018
Islandia,387,7,55,7,713,2018
Israel,1808,42,309,31,4179,2018
Italia,251502,4307,37435,2921,417090,2018
Jamaica,11425,315,1522,178,31962,2018
Japón,212802,2050,65890,3025,294296,2018
Kazajistán,17507,517,3869,261,30809,2018
Kenia,29860,1160,3643,641,73103,2018
Kirguistán,5420,183,1223,83,10321,2018
Kiribati,150,9,33,3,557,2018
Kosovo,262,7,110,8,579,2018
Kosrae,18,0,6,1,82,2018
Lesoto,4248,169,517,91,10919,2018
Letonia,2216,42,328,37,3288,2018
Liberia,7286,333,707,141,46011,2018
Liechtenstein,90,0,2,1,132,2018
Lituania,3026,55,435,46,4661,2018
Luxemburgo,2141,41,182,33,3861,2018
Macao,346,7,86,5,765,2018
Macedonia,1281,54,159,23,2870,2018
Madagascar,35823,2382,5826,778,136847,2018
Madeira,1152,20,118,19,1836,2018
Malasia,5350,292,1440,118,13584,2018
Malaui,95203,6692,7331,1571,339734,2018
Mali,322,13,56,7,1096,2018
Malta,774,20,101,10,1274,2018
Malvinas (islas),15,0,1,1,24,2018
Marshall (islas),226,4,31,4,793,2018
Martinica,4901,106,583,62,10233,2018
Mauricio,1917,94,205,26,4234,2018
Mayotte,177,4,43,3,358,2018
México,871339,29134,143820,13245,2214594,2018
Moldavia,19213,497,2224,210,34199,2018
Mongolia,459,8,210,9,1269,2018
Montenegro,274,10,57,5,571,2018
Montserrat,34,0,17,1,162,2018
Mozambique,64536,4065,5491,1289,306876,2018
Myanmar,4499,123,673,82,9585,2018
Namibia,2476,44,272,45,8202,2018
Nauru,19,0,2,1,83,2018
Nepal,2629,147,910,41,8097,2018
Nicaragua,29243,809,4499,502,88303,2018
Nieves,65,0,3,1,225,2018
Níger,332,18,37,7,860,2018
Nigeria,390250,13256,40430,6547,806256,2018
Niue,22,0,2,1,52,2018
Norfolk (isla),9,0,1,1,26,2018
Noruega,11745,234,1134,167,17235,2018
Nueva Caledonia,2489,107,265,32,7255,2018
Nueva Zelanda,14301,287,1338,186,26513,2018
Países Bajos,29603,482,2034,357,49622,2018
Pakistán,1140,44,87,20,3622,2018
Palaos,80,1,8,2,221,2018
"Palestinos, Territorios",68,4,12,2,147,2018
Panamá,17780,574,3011,321,53238,2018
Papúa Nueva Guinea,5141,393,546,118,39086,2018
Paraguay,10750,483,1873,239,22796,2018
Perú,131624,3913,28750,1493,370882,2018
Polonia,116299,1508,8383,1288,180603,2018
Ponapé,67,0,19,1,183,2018
Portugal,49299,1072,4638,652,86182,2018
Puerto Rico,23632,472,3753,299,46097,2018
Reunión,3380,87,451,41,6535,2018
Rodríguez,57,0,16,1,183,2018
Rota,12,0,3,1,23,2018
Ruanda,30076,1777,5272,553,80601,2018
Rumania,39788,738,3990,538,75082,2018
Saba,11,0,2,0,65,2018
Saipán,217,14,37,3,498,2018
Salomón (islas),2077,120,228,52,9953,2018
Samoa,538,38,99,12,2300,2018
Samoa Norteamericana,194,8,36,3,682,2018
San Bartolomé,34,0,5,1,66,2018
San Cristóbal,216,8,27,4,684,2018
San Eustaquio,30,0,3,1,102,2018
San Marino,198,0,35,2,313,2018
"San Martín (terr, francés)",300,3,27,5,1047,2018
"San Martín (terr, holandés)",361,14,40,5,876,2018
San Pedro y Miquelón,12,0,6,1,19,2018
San Vicente y las Granadinas,344,2,41,8,982,2018
Santa Elena,117,0,0,3,246,2018
Santa Lucía,819,23,114,11,1760,2018
Santo Tomé y Príncipe,875,54,142,13,3231,2018
Senegal,1369,38,169,29,2725,2018
Serbia,3933,90,637,66,8149,2018
Seychelles,338,6,41,4,906,2018
Sierra Leona,2349,130,297,40,7179,2018
Sri Lanka,6482,395,797,115,15656,2018
Suazilandia,3316,133,322,80,8272,2018
Sudáfrica,105232,4581,13209,2034,262126,2018
Sudán,633,22,95,14,2319,2018
Sudán del Sur,1697,96,177,32,5435,2018
Suecia,22330,321,2400,306,34035,2018
Suiza,19354,240,1313,272,31329,2018
Surinam,3133,126,336,56,10061,2018
Tahití,3250,116,508,48,9196,2018
Tailandia,5170,154,1923,125,10347,2018
Taiwán,10839,344,3603,181,20626,2018
Tanzania,18705,1066,1950,455,58620,2018
Timor Oriental,366,28,82,5,845,2018
Tinián,14,0,1,1,41,2018
Togo,21755,794,2290,307,64898,2018
Tonga,209,6,30,2,511,2018
Trinidad y Tobago,10030,274,1322,127,24401,2018
Turcas y Caicos (islas),338,10,49,6,985,2018
Turquía,3506,121,841,47,6275,2018
Tuvalu,88,9,7,1,224,2018
Ucrania,138513,2897,18457,1522,217417,2018
Uganda,8179,486,1116,152,28147,2018
Uruguay,11915,323,1283,152,23579,2018
Vanuatu,753,64,84,16,3797,2018
Venezuela,148042,7259,32152,1801,452717,2018
"Vírgenes Brit, (islas)",260,0,34,4,699,2018
"Vírgenes de EE, UU, (islas)",607,8,118,10,1549,2018
Wallis y Futuna (islas),52,1,3,1,275,2018
Yap,30,3,10,1,124,2018
Zambia,204176,16218,16362,3249,931426,2018
Zimbabue,48278,2079,6678,1353,122058,2018
33 paises y territorios mas,223747,4672,45348,3371,334215,2018
Albania,5642,175,1333,87,12135,2019
Alemania,165393,2869,14571,2091,267562,2019
Andorra,179,3,11,3,332,2019
Angola,165631,13490,24685,2269,696384,2019
Anguila,67,0,11,1,288,2019
Antigua,475,12,42,7,1392,2019
Argentina,154673,4917,24422,1976,330166,2019
Armenia,10924,294,2102,129,20968,2019
Aruba,1097,28,110,14,3084,2019
Australia,68646,1367,6935,762,118279,2019
Austria,21614,308,1759,298,34213,2019
Azerbaiyán,1490,77,346,14,3053,2019
Azores,795,26,118,15,1622,2019
Bahamas,1776,61,251,28,4977,2019
Bangladesh,324,14,151,6,980,2019
Barbados,2439,26,181,30,6190,2019
Bélgica,25173,513,2028,336,42925,2019
Belice,2702,133,541,61,8306,2019
Benín,14203,805,1804,225,45475,2019
Bermudas,483,4,83,5,851,2019
Bielorrusia,6211,208,1312,81,10140,2019
Bolivia,28732,1129,7288,427,94104,2019
Bonaire,131,0,17,2,370,2019
Bosnia-Herzegovina,1065,9,175,17,1794,2019
Botsuana,2251,103,331,47,6707,2019
Brasil,893784,32943,116547,12408,1922286,2019
Bulgaria,2556,77,677,52,5444,2019
Burkina Faso,2042,100,268,48,4851,2019
Burundi,15565,927,2310,271,61157,2019
Cabo Verde,2327,79,397,35,8377,2019
Caimán (islas),274,1,39,3,730,2019
Camboya,1182,54,637,17,3033,2019
Camerún,45092,2071,5502,500,101818,2019
Canadá,115634,1935,13449,1326,186020,2019
"Centroafricana, Rep.",2901,178,298,58,18890,2019
Chad,887,69,73,19,4765,2019
"Checa, Rep.",15471,254,1287,213,26748,2019
Chile,82305,2461,13689,955,184610,2019
Chipre,2704,32,451,43,4966,2019
Chuuk,48,2,13,2,207,2019
Colombia,187229,6754,27861,2248,567889,2019
"Congo, Rep. del",8808,732,970,98,34754,2019
"Congo, Rep. Dem. del",243146,17800,21347,3880,1264290,2019
Cook (islas),206,8,30,3,549,2019
Corea del Sur,102456,1800,45242,1266,136891,2019
Costa de Marfil,12194,531,1645,325,75755,2019
Costa Rica,32125,1181,3807,446,71472,2019
Croacia,4965,64,434,58,7843,2019
Cuba,94873,2923,9532,1457,223403,2019
Curazao,2060,75,226,26,5605,2019
Dinamarca,14622,247,1143,173,20756,2019
Dominica,442,11,57,10,1561,2019
"Dominicana, Rep.",38754,1402,7171,572,116498,2019
Ecuador,100038,4175,18462,1154,290701,2019
El Salvador,40392,1053,4898,701,86133,2019
Eslovaquia,11147,188,899,132,20910,2019
Eslovenia,1825,26,250,30,2857,2019
España,116118,2441,17464,1485,192303,2019
Estados Unidos,1237054,28611,182882,12594,2416752,2019
Estonia,4012,63,522,57,6199,2019
Esuatini,3354,49,334,80,9248,2019
Etiopía,10760,418,2336,219,25543,2019
Feroe (islas),131,1,31,4,235,2019
Filipinas,222911,10264,48212,3472,612911,2019
Finlandia,18260,281,2116,285,25064,2019
Fiyi,3151,131,518,80,11186,2019
Francia,131078,3240,15615,1610,222855,2019
Gabón,4869,204,602,57,13288,2019
Gambia,238,10,36,5,637,2019
Georgia,18021,489,3242,215,31451,2019
Ghana,144570,6257,15539,2167,381212,2019
Gibraltar,137,1,17,2,162,2019
Gran Bretaña,137029,2409,14706,1618,222033,2019
Granada,550,7,69,10,1487,2019
Grecia,28171,717,4071,358,45637,2019
Groenlandia,153,0,31,5,315,2019
Guadalupe,8376,208,716,121,19385,2019
Guam,767,19,172,10,1900,2019
Guatemala,40525,1406,6603,873,98161,2019
Guayana Francesa,2842,181,429,47,11318,2019
Guinea,1031,69,125,23,4243,2019
Guinea-Bissau,191,15,51,3,699,2019
Guinea Ecuatorial,2586,205,311,25,8989,2019
Guyana,3293,139,493,50,13942,2019
Haití,20433,981,2662,276,87267,2019
Honduras,23016,819,4091,439,63652,2019
Hong Kong,5617,441,1180,64,9349,2019
Hungría,21256,408,1832,293,37992,2019
India,49743,2512,7797,692,137439,2019
Indonesia,29107,1046,4450,514,58878,2019
Irlanda,7059,134,1114,121,11818,2019
Islandia,390,2,56,7,741,2019
Israel,1879,58,329,32,3166,2019
Italia,251303,4278,37512,2892,414595,2019
Jamaica,11334,334,1408,174,34703,2019
Japón,212651,2118,66100,2991,291206,2019
Kazajistán,17485,479,3959,262,30516,2019
Kenia,29935,1445,3648,647,78322,2019
Kirguistán,5300,192,1233,85,10489,2019
Kiribati,134,2,32,3,438,2019
Kosovo,267,6,120,8,594,2019
Kosrae,20,0,5,1,96,2019
Lesoto,4365,257,545,93,12087,2019
Letonia,2188,46,324,33,3367,2019
Liberia,7851,411,722,145,52616,2019
Liechtenstein,91,2,4,1,159,2019
Lituania,2977,55,446,46,4682,2019
Luxemburgo,2156,27,197,31,3802,2019
Macao,358,4,102,4,810,2019
Macedonia del Norte,1287,27,168,23,2752,2019
Madagascar,37730,3591,6385,832,146622,2019
Madeira,1157,32,129,20,1868,2019
Malasia,5521,204,1579,120,13492,2019
Malaui,102773,6103,7374,1636,342426,2019
Mali,361,26,58,7,1345,2019
Malta,769,12,96,10,1344,2019
Malvinas (islas),15,0,1,1,31,2019
Marshall (islas),158,3,24,4,771,2019
Martinica,4780,118,594,61,10317,2019
Mauricio,1910,68,208,27,4322,2019
Mayotte,188,8,54,3,427,2019
México,874491,30403,138474,13074,2258524,2019
Moldavia,18808,436,2199,208,32872,2019
Mongolia,471,13,217,9,1433,2019
Montenegro,279,7,64,5,536,2019
Montserrat,39,0,19,1,216,2019
Mozambique,67758,7162,6114,1315,334110,2019
Myanmar,4821,206,831,91,10437,2019
Namibia,2647,133,296,46,8629,2019
Nauru,21,2,2,1,102,2019
Nepal,2659,136,890,42,6995,2019
Nicaragua,29567,1598,4411,468,87706,2019
Nieves,74,0,3,1,223,2019
Níger,322,3,42,9,924,2019
Nigeria,402541,14239,41038,6566,835850,2019
Niue,22,0,2,1,53,2019
Norfolk (isla),7,0,1,1,23,2019
Noruega,11809,204,1189,167,17536,2019
Nueva Caledonia,2536,124,276,33,7050,2019
Nueva Zelanda,14201,294,1391,183,26856,2019
Países Bajos,29525,628,2116,352,49159,2019
Pakistán,1122,50,82,20,4259,2019
Palaos,83,2,12,2,239,2019
"Palestinos, Territorios",63,0,9,2,130,2019
Panamá,18068,621,2988,323,54878,2019
Papúa Nueva Guinea,5281,160,617,118,43275,2019
Paraguay,10988,439,1977,234,25805,2019
Perú,132559,4855,28724,1562,398335,2019
Polonia,115229,1560,8435,1277,177379,2019
Ponapé,55,0,15,1,170,2019
Portugal,49692,1117,4864,652,88099,2019
Puerto Rico,23656,477,3804,237,45314,2019
Reunión,3340,146,453,41,6557,2019
Rodríguez,62,4,16,1,202,2019
Rota,9,0,3,1,21,2019
Ruanda,30723,2046,5298,553,95239,2019
Rumania,39389,775,4167,540,74476,2019
Saba,13,0,3,0,74,2019
Saipán,230,14,40,3,509,2019
Salomón (islas),2053,115,219,51,10203,2019
Samoa,557,26,109,12,2492,2019
Samoa Norteamericana,180,4,29,3,595,2019
San Bartolomé,35,0,5,1,84,2019
San Cristóbal,222,5,30,3,695,2019
San Eustaquio,28,0,3,1,124,2019
San Marino,201,0,47,2,323,2019
San Martín (terr. francés),299,5,23,5,1072,2019
San Martín (terr. holandés),333,17,40,6,1158,2019
San Pedro y Miquelón,10,0,6,1,14,2019
San Vicente y las Granadinas,322,4,41,8,1080,2019
Santa Elena,114,2,0,3,253,2019
Santa Lucía,819,19,117,11,2091,2019
Santo Tomé y Príncipe,924,69,141,14,3631,2019
Senegal,1376,48,180,29,2859,2019
Serbia,3943,95,659,64,7750,2019
Seychelles,340,8,37,5,979,2019
Sierra Leona,2465,123,316,41,9272,2019
Sri Lanka,6669,150,813,116,15409,2019
Sudáfrica,104451,4473,13299,2056,281511,2019
Sudán,662,45,115,14,2297,2019
Sudán del Sur,1595,128,192,32,7187,2019
Suecia,22311,295,2480,295,34897,2019
Suiza,19281,251,1421,270,31108,2019
Surinam,3149,151,356,58,10980,2019
Tahití,3273,124,496,46,9571,2019
Tailandia,5392,270,2096,136,10700,2019
Taiwán,11284,430,3862,188,20794,2019
Tanzania,19459,1146,2075,446,62398,2019
Timor Oriental,392,45,91,5,981,2019
Tinián,13,0,1,1,41,2019
Togo,22691,1470,2353,318,67573,2019
Tonga,211,4,35,2,624,2019
Trinidad y Tobago,10146,346,1328,131,25478,2019
Turcas y Caicos (islas),346,10,48,6,1141,2019
Turquía,4221,141,1205,52,7786,2019
Tuvalu,93,3,5,1,221,2019
Ucrania,129310,2804,17777,1520,208844,2019
Uganda,8652,603,1164,164,31284,2019
Uruguay,12109,367,1306,151,23581,2019
Vanuatu,788,42,97,17,3065,2019
Venezuela,137052,7445,30110,1743,470857,2019
Vírgenes Brit. (islas),241,0,35,4,733,2019
Vírgenes de EE. UU. (islas),588,13,114,9,2012,2019
Wallis y Futuna (islas),63,2,3,1,221,2019
Yap,54,4,10,1,142,2019
Zambia,223720,16167,17531,3402,979338,2019
Zimbabue,50403,3258,7341,1271,122790,2019
33 paises y territorios mas,213205,4477,42896,3323,320885,2019
Albania,5612,160,1282,87,14252,2020
Alemania,164486,3102,15146,2087,246904,2020
Andorra,173,0,14,3,383,2020
Angola,167638,8291,24860,2421,371823,2020
Anguila,65,0,11,1,156,2020
Antigua,483,6,39,7,876,2020
Argentina,156765,3080,25252,1976,355842,2020
Armenia,10652,189,2051,130,22723,2020
Aruba,1103,34,112,14,3062,2020
Australia,69146,1435,7038,754,107233,2020
Austria,21550,291,1821,292,31937,2020
Azerbaiyán,1592,55,393,14,3286,2020
Azores,802,19,112,15,1654,2020
Bahamas,1795,24,252,28,3426,2020
Bangladesh,330,24,152,6,750,2020
Barbados,2428,35,176,30,4317,2020
Bélgica,25396,451,2079,338,43943,2020
Belice,2630,49,514,58,6454,2020
Benín,14360,495,1830,235,29761,2020
Bermudas,450,3,80,5,798,2020
Bielorrusia,6238,151,1307,83,9635,2020
Bolivia,29397,1497,7578,459,84794,2020
Bonaire,123,0,17,2,311,2020
Bosnia-Herzegovina,1049,12,171,16,1677,2020
Botsuana,2302,105,341,44,4854,2020
Brasil,897056,29330,121295,12531,1627323,2020
Bulgaria,2605,73,666,54,5608,2020
Burkina Faso,2027,57,237,48,3601,2020
Burundi,15734,874,2486,271,47890,2020
Cabo Verde,2284,79,370,35,5419,2020
Caimán (islas),289,1,40,3,620,2020
Camboya,1199,47,629,18,1869,2020
Camerún,43542,1301,5778,582,84320,2020
Canadá,115661,1565,13674,1194,167289,2020
"Centroafricana, Rep.",2962,223,285,62,11920,2020
Chad,904,71,76,20,3240,2020
"Checa, Rep.",15439,210,1328,212,25075,2020
Chile,85273,2702,14639,959,180281,2020
Chipre,2754,55,485,41,4808,2020
Chuuk,41,0,9,2,87,2020
Colombia,188368,5410,28633,2316,498494,2020
"Congo, Rep. del",9192,368,1096,117,21820,2020
"Congo, Rep. Dem. del",240982,9862,20950,4161,1009808,2020
Cook (islas),226,7,27,3,398,2020
Corea del Sur,103366,2031,46337,1268,125510,2020
Costa de Marfil,12269,281,1613,323,29851,2020
Costa Rica,32103,942,3791,439,70877,2020
Croacia,4802,42,421,58,6727,2020
Cuba,94873,3310,9399,1418,178495,2020
Curazao,2019,35,222,25,4510,2020
Dinamarca,14573,167,1173,174,20384,2020
Dominica,426,4,51,10,966,2020
"Dominicana, Rep.",41590,1127,7230,560,110445,2020
Ecuador,101387,3332,19096,1214,298855,2020
El Salvador,39751,831,4724,671,81220,2020
Eslovaquia,11061,222,900,133,21216,2020
Eslovenia,1775,13,243,30,2610,2020
España,117236,2047,18233,1470,206434,2020
Estados Unidos,1242976,24462,185616,12355,2068674,2020
Estonia,3986,53,547,56,5932,2020
Esuatini,3362,121,360,80,7398,2020
Etiopía,10823,455,2378,215,20676,2020
Feroe (islas),129,0,25,4,170,2020
Filipinas,232587,8268,49859,3529,562828,2020
Finlandia,18190,182,2101,280,24160,2020
Fiyi,3169,135,529,82,9476,2020
Francia,131754,2624,16143,1568,226879,2020
Gabón,4509,120,580,60,9311,2020
Gambia,271,9,37,5,577,2020
Georgia,18104,320,3243,214,33204,2020
Ghana,147481,6131,15721,2271,284637,2020
Gibraltar,147,0,16,2,171,2020
Gran Bretaña,141412,1396,15180,1615,211199,2020
Granada,579,13,76,10,1116,2020
Grecia,28152,569,4132,355,43748,2020
Groenlandia,144,0,32,5,297,2020
Guadalupe,8290,168,734,120,16992,2020
Guam,770,26,177,9,1627,2020
Guatemala,40334,1001,6537,869,95333,2020
Guayana Francesa,2960,126,449,47,9636,2020
Guinea,1078,107,138,27,2687,2020
Guinea-Bisáu,211,17,55,4,729,2020
Guinea Ecuatorial,2415,106,328,35,5785,2020
Guyana,3351,126,500,51,9263,2020
Haití,20254,833,2698,270,41559,2020
Honduras,22891,624,4069,437,61078,2020
Hong Kong,5594,178,1233,66,9219,2020
Hungría,21060,361,1836,291,36666,2020
India,53105,1567,7813,978,151288,2020
Indonesia,29865,931,4719,524,50876,2020
Irlanda,7104,52,1189,120,11709,2020
Islandia,392,6,55,7,658,2020
Israel,1957,49,341,31,3653,2020
Italia,250868,3928,38630,2874,503363,2020
Jamaica,11361,224,1368,151,23145,2020
Japón,212683,1910,66206,2964,273856,2020
Kazajistán,17330,207,4091,262,29324,2020
Kenia,29545,988,3587,651,62736,2020
Kirguistán,5266,105,1289,86,10161,2020
Kiribati,137,2,30,3,426,2020
Kosovo,263,7,110,8,708,2020
Kosrae,14,0,3,1,40,2020
Lesoto,4312,197,539,94,8471,2020
Letonia,2200,33,332,31,3227,2020
Liberia,7272,479,737,150,19341,2020
Liechtenstein,92,0,4,1,137,2020
Lituania,2907,41,436,44,4340,2020
Luxemburgo,2153,0,223,31,3853,2020
Macao,394,9,123,5,845,2020
Macedonia del Norte,1279,15,175,24,3044,2020
Madagascar,38430,1971,6720,871,104470,2020
Madeira,1167,15,130,19,1868,2020
Malasia,5637,179,1650,123,11611,2020
Malaui,102060,6136,8485,1718,285054,2020
Mali,362,16,61,7,710,2020
Malta,783,13,106,10,1245,2020
Malvinas (islas),15,0,3,1,17,2020
Marshall (islas),134,8,21,4,462,2020
Martinica,4793,97,596,57,9903,2020
Mauricio,1960,55,228,27,4707,2020
Mayotte,198,7,51,4,349,2020
México,874144,22627,137818,13032,1954849,2020
Moldavia,18467,332,2168,203,33955,2020
Mongolia,459,15,202,8,773,2020
Montenegro,319,2,79,6,635,2020
Montserrat,40,0,16,1,76,2020
Mozambique,68996,2763,6688,1297,238288,2020
Myanmar,4921,220,928,99,8240,2020
Namibia,2663,165,316,47,6782,2020
Nauru,16,0,2,1,76,2020
Nepal,2699,221,838,43,6524,2020
Nicaragua,29594,1038,4604,470,70713,2020
Nieves,71,0,5,1,160,2020
Níger,347,19,48,9,616,2020
Nigeria,374228,12649,40654,6571,674754,2020
Niue,22,0,2,1,83,2020
Norfolk (isla),6,0,0,1,11,2020
Noruega,11789,157,1220,166,17471,2020
Nueva Caledonia,2634,124,289,35,6459,2020
Nueva Zelanda,14152,341,1410,171,23847,2020
Países Bajos,29279,476,2182,351,41716,2020
Pakistán,1033,21,63,16,3825,2020
Palaos,95,4,15,2,209,2020
"Palestinos, Territorios",60,0,7,2,173,2020
Panamá,18413,494,3091,326,48448,2020
Papúa Nueva Guinea,5479,367,688,115,38787,2020
Paraguay,11051,348,2039,226,25792,2020
Perú,133170,3441,29041,1598,355914,2020
Polonia,113980,999,8481,1274,170188,2020
Ponapé,60,2,19,1,120,2020
Portugal,50022,887,5073,653,81797,2020
Puerto Rico,23605,454,3675,237,42544,2020
Reunión,3413,84,475,42,6265,2020
Rodríguez,76,2,12,1,156,2020
Rota,6,0,1,1,10,2020
Ruanda,31397,780,5367,570,69208,2020
Rumania,39328,568,4207,535,74363,2020
Saba,16,0,4,0,24,2020
Saipán,235,7,43,3,443,2020
Salomón (islas),2039,111,217,50,10704,2020
Samoa,542,19,100,12,1975,2020
Samoa Norteamericana,150,0,27,3,520,2020
San Bartolomé,38,0,6,1,72,2020
San Cristóbal,220,2,30,3,565,2020
San Eustaquio,27,0,3,1,65,2020
San Marino,194,0,47,2,483,2020
San Martín (terr. francés),288,4,28,5,716,2020
San Martín (terr. holandés),332,12,39,4,860,2020
San Pedro y Miquelón,14,0,7,1,19,2020
San Vicente y las Granadinas,318,8,42,8,665,2020
Santa Elena,113,2,0,3,178,2020
Santa Lucía,811,11,113,11,1709,2020
Santo Tomé y Príncipe,929,55,141,14,2255,2020
Senegal,1400,35,184,33,2489,2020
Serbia,3837,79,650,63,7288,2020
Seychelles,363,10,37,5,976,2020
Sierra Leona,2520,182,325,43,5379,2020
Sri Lanka,6781,260,828,112,16122,2020
Sudáfrica,105133,3441,13093,2070,215285,2020
Sudán,672,50,131,14,1602,2020
Sudán del Sur,1515,87,202,33,4112,2020
Suecia,22333,301,2510,285,32068,2020
Suiza,19082,301,1488,268,30068,2020
Surinam,3144,127,346,57,8124,2020
Tahití,3255,87,476,46,8917,2020
Tailandia,5538,176,2106,142,8322,2020
Taiwán,11379,384,3984,190,16678,2020
Tanzania,19029,797,2159,444,51771,2020
Timor Oriental,399,41,107,5,995,2020
Tinián,12,0,1,1,38,2020
Togo,22120,741,2489,327,44358,2020
Tonga,265,14,41,2,474,2020
Trinidad y Tobago,10221,291,1318,132,23364,2020
Turcas y Caicos (islas),345,10,49,6,782,2020
Turquía,4875,149,1633,63,8658,2020
Tuvalu,89,3,3,3,194,2020
Ucrania,128614,2344,17561,1502,230656,2020
Uganda,9011,504,1183,163,21525,2020
Uruguay,12081,211,1408,150,24153,2020
Vanuatu,1001,26,116,17,2234,2020
Venezuela,136542,6489,30340,1734,319962,2020
Vírgenes Brit. (islas),225,0,31,4,589,2020
Vírgenes de EE. UU. (islas),561,5,108,8,1034,2020
Wallis y Futuna (islas),67,0,3,1,231,2020
Yap,33,2,10,1,93,2020
Zambia,225139,13539,18396,3528,711397,2020
Zimbabue,49648,1840,7452,1395,118029,2020
33 paises y territorios mas,212924,5732,42137,2967,306281,2020
Albania,5632,130,1287,87,15626,2021
Alemania,167328,2361,16263,2073,284011,2021
Andorra,174,0,15,3,372,2021
Angola,161286,4757,24717,2538,419197,2021
Anguila,61,0,11,1,206,2021
Antigua,481,5,36,7,1549,2021
Argentina,157734,2851,30532,1960,411392,2021
Armenia,11351,181,2139,136,32022,2021
Aruba,1122,25,120,14,3523,2021
Australia,70951,998,7507,748,117731,2021
Austria,21768,242,1928,290,36810,2021
Azerbaiyán,1663,88,417,15,4345,2021
Azores,809,15,112,15,2045,2021
Bahamas,1838,74,252,28,5439,2021
Bangladesh,332,13,142,6,1210,2021
Barbados,2408,52,180,30,7857,2021
Bélgica,26012,512,2217,338,49040,2021
Belice,2665,59,482,54,9187,2021
Benín,14350,438,1830,242,37572,2021
Bermudas,447,0,77,5,1068,2021
Bielorrusia,6208,124,1373,83,12764,2021
Bolivia,29540,861,7771,448,102489,2021
Bonaire,127,0,18,2,357,2021
Bosnia-Herzegovina,1041,11,170,16,1808,2021
Botsuana,2396,42,330,45,6952,2021
Brasil,913479,20406,136453,12441,2184856,2021
Bulgaria,2675,54,672,56,7386,2021
Burkina Faso,1961,35,234,49,4528,2021
Burundi,16965,578,2513,272,40590,2021
Cabo Verde,2293,46,370,35,8830,2021
"Caimán, Islas",279,0,35,3,703,2021
Camboya,1135,31,591,18,2740,2021
Camerún,43526,795,5840,530,98823,2021
Canadá,118533,1407,14780,1193,207336,2021
"Centroafricana, Rep.",2502,69,267,65,13586,2021
Chad,822,33,80,21,3684,2021
"Checa, Rep.",15549,158,1362,212,29999,2021
Chile,87144,2054,17857,955,268126,2021
Chipre,2866,36,521,41,5588,2021
Chuuk,35,0,9,2,175,2021
Colombia,190223,4958,29270,2302,632726,2021
"Congo, Rep. del",8358,357,1138,116,25022,2021
"Congo, Rep. Dem. del",205045,6581,20097,4084,1079733,2021
"Cook, Islas",223,4,25,3,565,2021
Corea del Sur,105208,1016,47762,1270,144673,2021
Costa de Marfil,11980,183,1577,310,40133,2021
Costa Rica,32704,773,3943,436,80874,2021
Croacia,4815,49,421,57,8146,2021
Cuba,93952,1371,9150,1401,191438,2021
Curazao,2046,86,218,25,6447,2021
Dinamarca,14588,150,1210,174,22041,2021
Dominica,427,0,51,10,1433,2021
"Dominicana, Rep.",40542,654,7285,546,150128,2021
Ecuador,101608,2436,19908,1205,357448,2021
El Salvador,39578,529,4789,662,93265,2021
Eslovaquia,11199,181,952,133,25816,2021
Eslovenia,1757,20,244,29,3256,2021
España,119896,1920,19873,1472,217480,2021
Estados Unidos,1255657,19627,196999,12163,2461094,2021
Estonia,4003,34,584,55,7253,2021
Esuatini,3285,44,365,80,8725,2021
Etiopía,11030,282,2365,189,26482,2021
"Feroe, Islas",131,0,22,4,179,2021
Filipinas,235736,7366,49730,3504,739439,2021
Finlandia,18225,146,2238,278,27975,2021
Fiyi,3426,35,522,82,12411,2021
Francia,136000,2236,17349,1546,251477,2021
Gabón,4471,88,577,59,14452,2021
Gambia,282,2,40,5,806,2021
Georgia,18772,293,3368,219,40339,2021
Ghana,149232,3672,15851,2339,346089,2021
Gibraltar,126,0,19,2,177,2021
Gran Bretaña,140094,2483,16294,1611,248800,2021
Granada,544,18,78,9,1656,2021
Grecia,28326,415,4239,356,53215,2021
Groenlandia,144,1,33,5,352,2021
Guadalupe,8396,189,784,118,21858,2021
Guam,770,17,174,9,2174,2021
Guatemala,40020,739,6498,857,111350,2021
Guayana Francesa,3015,86,499,46,11326,2021
Guinea,1232,48,152,25,4076,2021
Guinea-Bisáu,205,1,50,4,1163,2021
Guinea Ecuatorial,2721,69,328,31,9028,2021
Guyana,3417,92,507,51,14394,2021
Haití,19082,313,2621,271,65700,2021
Honduras,22912,418,4149,434,70973,2021
Hong Kong,5588,147,1287,66,12904,2021
Hungría,20974,388,1895,289,43543,2021
India,55408,160,8450,906,183849,2021
Indonesia,30188,758,4899,510,66038,2021
Irlanda,7341,174,1247,120,13802,2021
Islandia,396,3,62,7,793,2021
Israel,2021,65,366,33,4177,2021
Italia,251490,3152,41446,2856,519224,2021
Jamaica,11499,225,1386,152,48056,2021
Japón,213451,1621,66947,2959,321158,2021
Kazajistán,17541,493,4197,257,35044,2021
Kenia,29911,854,3542,651,78181,2021
Kirguistán,5282,112,1319,89,11297,2021
Kiribati,145,0,27,3,353,2021
Kosovo,252,6,109,8,829,2021
Kosrae,16,0,5,1,32,2021
Lesoto,3789,77,531,93,10270,2021
Letonia,2130,37,348,31,3960,2021
Liberia,8236,192,759,140,27494,2021
Liechtenstein,91,0,4,1,175,2021
Lituania,2878,49,427,43,5467,2021
Luxemburgo,2203,0,235,31,4666,2021
Macao,415,19,126,6,1138,2021
Macedonia del Norte,1277,10,184,24,3888,2021
Madagascar,33796,901,6589,852,137572,2021
Madeira,1183,7,134,19,2164,2021
Malasia,5640,114,1576,123,14430,2021
Malaui,97938,2667,7187,1816,281176,2021
Mali,382,12,60,7,994,2021
Malta,824,10,122,11,1430,2021
"Malvinas, Islas",17,0,3,1,17,2021
"Marshall, Islas",131,6,26,4,663,2021
Martinica,5024,112,629,57,12145,2021
Mauricio,2094,70,261,27,6710,2021
Mayotte,168,0,54,5,413,2021
México,870967,15780,138587,12938,2442109,2021
Moldavia,18557,376,2289,202,42228,2021
Mongolia,442,5,192,8,1873,2021
Montenegro,333,4,84,7,908,2021
Montserrat,37,0,16,1,135,2021
Mozambique,89946,5179,6729,1313,269122,2021
Myanmar,5102,183,906,101,11881,2021
Namibia,2663,93,324,47,8457,2021
Nauru,18,0,2,1,109,2021
Nepal,2809,157,824,43,9378,2021
Nicaragua,29546,610,4639,469,86801,2021
Nieves,76,0,5,1,266,2021
Níger,315,8,44,9,731,2021
Nigeria,380713,6442,39621,6577,698762,2021
Niue,21,0,2,1,50,2021
Noruega,12001,111,1280,166,19196,2021
Nueva Caledonia,2651,80,298,34,8112,2021
Nueva Zelanda,14583,237,1512,171,26983,2021
Países Bajos,29215,374,2332,353,51716,2021
Pakistán,1098,7,63,16,4357,2021
Palaos,81,2,17,2,241,2021
"Palestinos, Territorios",62,0,10,2,186,2021
Panamá,18650,483,3150,324,63639,2021
Papúa Nueva Guinea,5876,193,705,93,34044,2021
Paraguay,11298,328,2137,215,31583,2021
Perú,133081,3565,29596,1589,497725,2021
Polonia,113723,1186,8789,1272,201271,2021
Ponapé,56,2,19,1,197,2021
Portugal,50921,810,5379,654,102467,2021
Puerto Rico,23610,290,3768,232,49656,2021
Reunión,3452,67,500,42,7390,2021
Rodríguez,69,3,11,1,221,2021
Rota,6,0,1,0,1,2021
Ruanda,31279,51,5257,560,82333,2021
Rumania,39785,704,4437,532,100121,2021
Saba,14,0,3,0,38,2021
Saipán,234,9,41,3,706,2021
"Salomón, Islas",1719,51,197,50,10645,2021
Samoa,544,17,95,12,2611,2021
Samoa Norteamericana,155,7,32,3,668,2021
San Bartolomé,39,0,6,1,111,2021
San Cristóbal,235,1,29,3,829,2021
San Eustaquio,33,0,5,1,146,2021
San Marino,195,0,44,2,419,2021
San Martín (terr. francés),294,10,27,5,1080,2021
San Martín (terr. holandés),333,19,42,4,1113,2021
San Pedro y Miquelón,15,0,5,1,18,2021
San Vicente y las Granadinas,312,0,43,8,1112,2021
Santa Elena,115,0,0,3,218,2021
Santa Lucía,793,5,117,11,2753,2021
Santo Tomé y Príncipe,936,38,140,14,5794,2021
Senegal,1444,12,185,33,3837,2021
Serbia,3824,64,669,62,9181,2021
Seychelles,371,4,38,5,1349,2021
Sierra Leona,2618,52,312,40,8140,2021
Sri Lanka,7121,217,926,103,20495,2021
Sudáfrica,100112,1532,13216,2071,247542,2021
Sudán,832,28,126,14,1771,2021
Sudán del Sur,1597,75,216,33,5563,2021
Suecia,22634,243,2628,280,36110,2021
Suiza,19530,198,1653,263,34607,2021
Surinam,3354,93,349,56,11003,2021
Tahití,3240,48,453,45,11588,2021
Tailandia,5249,146,1906,140,10607,2021
Taiwán,11367,274,3875,181,22149,2021
Tanzania,19522,539,2133,440,52869,2021
Timor Oriental,382,17,98,5,1243,2021
Tinián,11,0,1,1,28,2021
Togo,21915,622,2481,342,57101,2021
Tonga,254,8,41,2,595,2021
Trinidad y Tobago,10588,193,1353,132,31739,2021
"Turcas y Caicos, Islas",352,7,50,7,1150,2021
Turquía,5141,159,1734,68,9309,2021
Tuvalu,93,0,3,1,305,2021
Ucrania,129143,1878,18181,1489,264176,2021
Uganda,9211,397,1182,163,31610,2021
Uruguay,12160,204,1583,149,29798,2021
Vanuatu,838,23,121,17,4114,2021
Venezuela,134894,3494,30987,1734,412096,2021
"Vírgenes Brit., Islas",241,0,31,4,923,2021
"Vírgenes de EE. UU., Islas",579,12,109,8,1539,2021
"Wallis y Futuna, Islas",74,1,6,1,184,2021
Yap,33,0,8,1,142,2021
Zambia,191982,5421,17717,3519,779219,2021
Zimbabue,43059,642,7182,1094,126234,2021
33 paises y territorios mas,211597,5339,41937,2834,327616,2021
Albania,5577,112,1363,83,12106,2022
Alemania,170491,2209,18808,2020,267452,2022
Andorra,169,0,23,3,331,2022
Angola,159384,3273,25609,2539,485484,2022
Anguila,67,0,11,1,208,2022
Antigua,478,0,41,7,1244,2022
Argentina,155443,2869,35977,1945,345669,2022
Armenia,11191,192,2259,135,26543,2022
Aruba,1127,15,139,14,2978,2022
Australia,71355,1047,9485,739,113915,2022
Austria,21966,231,2209,287,34282,2022
Azerbaiyán,1674,77,451,18,3647,2022
Azores,802,14,131,15,1685,2022
Bahamas,1868,28,277,28,4351,2022
Bangladesh,338,7,140,6,1048,2022
Barbados,2389,38,191,30,6732,2022
Bélgica,25970,334,2441,336,44337,2022
Belice,2614,49,487,54,8317,2022
Benín,14202,380,1841,246,38932,2022
Bermudas,443,0,73,5,963,2022
Bielorrusia,6167,125,1475,83,11784,2022
Bolivia,29268,559,8269,448,83177,2022
Bonaire,138,0,25,2,352,2022
Bosnia-Herzegovina,1011,8,188,16,1574,2022
Botsuana,2345,73,344,43,5913,2022
Brasil,909879,15338,173032,12439,1808720,2022
Bulgaria,2724,83,725,58,5958,2022
Burkina Faso,1944,36,232,48,4251,2022
Burundi,17019,575,2585,281,53130,2022
Cabo Verde,2296,52,397,35,7336,2022
"Caimán, Islas",280,0,41,3,638,2022
Camboya,1125,32,554,17,2047,2022
Camerún,43217,791,5863,499,89171,2022
Canadá,118607,1399,16980,1177,188701,2022
"Centroafricana, Rep.",2661,61,265,65,16500,2022
Chad,806,30,93,22,3501,2022
"Checa, Rep.",15957,143,1567,212,29183,2022
Chile,86746,1301,20069,955,218637,2022
Chipre,2960,28,571,40,5178,2022
Chuuk,32,0,8,2,180,2022
Colombia,188219,3187,31715,2267,568136,2022
"Congo, Rep. del",8556,194,1250,116,25093,2022
"Congo, Rep. Dem. del",223678,5173,20239,4037,1107590,2022
"Cook, Islas",211,2,27,3,500,2022
Corea del Sur,105977,1169,50279,1261,138655,2022
Costa de Marfil,11877,255,1577,231,37361,2022
Costa Rica,32504,546,4275,435,72360,2022
Croacia,4736,40,462,57,7218,2022
Cuba,91710,1216,8932,1399,166891,2022
Curazao,2040,40,254,25,5629,2022
Dinamarca,14534,129,1316,174,20688,2022
Dominica,439,0,56,10,1215,2022
"Dominicana, Rep.",40149,578,7580,539,115138,2022
Ecuador,100090,1908,21404,1204,294770,2022
El Salvador,38717,407,5043,654,84039,2022
Eslovaquia,11250,211,1106,133,23373,2022
Eslovenia,1731,14,254,28,2847,2022
España,120614,1847,23736,1416,198162,2022
Estados Unidos,1238431,16200,229730,12040,2344212,2022
Estonia,4018,48,643,55,6853,2022
Esuatini,3305,64,371,76,7896,2022
Etiopía,11074,218,2391,183,24477,2022
"Feroe, Islas",135,1,27,4,184,2022
Filipinas,238609,7228,51854,3511,664989,2022
Finlandia,18108,155,2429,275,26435,2022
Fiyi,3186,95,513,62,12452,2022
Francia,136419,2026,20092,1477,228072,2022
Gabón,4460,108,592,59,11657,2022
Gambia,280,7,44,5,582,2022
Georgia,18782,278,3695,224,34969,2022
Ghana,149275,4221,16131,2396,322892,2022
Gibraltar,159,0,23,2,179,2022
Gran Bretaña,139960,1665,19696,1614,220438,2022
Granada,553,10,80,9,1470,2022
Grecia,27995,420,4658,354,43608,2022
Groenlandia,129,2,32,5,297,2022
Guadalupe,8534,118,951,118,20016,2022
Guam,742,14,181,9,1892,2022
Guatemala,39452,512,6614,852,98300,2022
Guayana Francesa,2933,66,563,45,10154,2022
Guinea,1150,36,156,25,3913,2022
Guinea-Bisáu,207,8,49,4,592,2022
Guinea Ecuatorial,2411,68,312,31,6803,2022
Guyana,3337,53,532,47,12471,2022
Haití,18234,281,2556,271,64155,2022
Honduras,22324,253,4234,429,60259,2022
Hong Kong,5510,147,1361,66,13484,2022
Hungría,21180,314,2070,288,39452,2022
India,56747,2817,9634,947,152011,2022
Indonesia,30306,716,5721,476,60144,2022
Irlanda,7533,126,1465,121,12561,2022
Islandia,399,9,63,7,686,2022
Israel,2067,28,395,33,3670,2022
Italia,250624,3181,47826,2843,426019,2022
Jamaica,11124,169,1527,152,35992,2022
Japón,214359,1858,69606,2893,310692,2022
Kazajistán,17259,283,4500,232,30324,2022
Kenia,29534,536,3578,623,68579,2022
Kirguistán,5097,87,1372,89,10054,2022
Kiribati,91,6,24,2,441,2022
Kosovo,244,4,107,8,491,2022
Kosrae,13,0,4,1,56,2022
Lesoto,3729,103,545,82,8348,2022
Letonia,2101,27,367,30,3537,2022
Liberia,7391,235,771,141,28935,2022
Liechtenstein,94,0,7,1,157,2022
Lituania,2924,40,443,40,4895,2022
Luxemburgo,2188,0,254,30,4054,2022
Macao,404,18,128,6,1122,2022
Macedonia del Norte,1259,15,201,24,2859,2022
Madagascar,35748,975,6548,826,129313,2022
Madeira,1203,20,141,19,1829,2022
Malasia,5637,178,1569,121,12301,2022
Malaui,108044,2823,7827,1831,305182,2022
Mali,365,6,63,6,982,2022
Malta,874,11,140,11,1368,2022
"Malvinas, Islas",16,0,5,1,20,2022
"Marshall, Islas",147,0,30,4,708,2022
Martinica,5050,87,700,57,11315,2022
Mauricio,2158,52,308,27,5575,2022
Mayotte,171,3,55,3,306,2022
México,864689,10832,144181,12881,2208399,2022
Moldavia,18301,424,2551,201,34957,2022
Mongolia,437,11,190,8,1365,2022
Montenegro,341,5,97,7,884,2022
Montserrat,36,0,14,1,132,2022
Mozambique,81719,2728,6854,1551,286696,2022
Myanmar,5115,211,902,91,11670,2022
Namibia,2558,102,320,46,7539,2022
Nauru,18,0,2,1,100,2022
Nepal,2823,96,869,43,7529,2022
Nicaragua,29326,450,4853,471,81225,2022
Nieves,74,0,5,1,249,2022
Níger,346,5,44,9,804,2022
Nigeria,389961,4521,40227,6081,742933,2022
Niue,22,0,3,1,74,2022
Noruega,11877,109,1419,163,17681,2022
Nueva Caledonia,2636,96,317,36,7265,2022
Nueva Zelanda,14669,231,1924,170,26131,2022
Países Bajos,29240,340,2688,353,49218,2022
Pakistán,1154,83,62,16,3615,2022
Palaos,73,0,24,2,164,2022
"Palestinos, Territorios",62,0,12,2,131,2022
Panamá,18414,295,3357,317,57464,2022
Papúa Nueva Guinea,5197,131,710,91,35414,2022
Paraguay,11164,271,2273,197,25946,2022
Perú,131346,2499,30457,1551,420405,2022
Polonia,114673,1054,10200,1272,191572,2022
Ponapé,60,0,17,1,138,2022
Portugal,51334,676,6147,656,86422,2022
Puerto Rico,23170,238,4009,230,45579,2022
Reunión,3468,77,599,41,6686,2022
Rodríguez,70,2,13,1,215,2022
Rota,5,0,2,0,8,2022
Ruanda,31541,1240,5103,562,76441,2022
Rumania,39444,656,5532,533,79758,2022
Saba,17,0,3,0,71,2022
Saipán,226,4,46,3,564,2022
"Salomón, Islas",1631,14,186,49,9317,2022
Samoa,545,16,108,12,2748,2022
Samoa Norteamericana,154,0,32,3,647,2022
San Bartolomé,34,0,5,1,61,2022
San Cristóbal,225,3,30,3,721,2022
San Eustaquio,34,0,5,1,61,2022
San Marino,191,0,41,2,312,2022
San Martín (terr. francés),291,5,30,5,844,2022
San Martín (terr. holandés),344,10,42,4,1007,2022
San Pedro y Miquelón,15,0,6,1,21,2022
San Vicente y las Granadinas,293,2,46,8,958,2022
Santa Elena,116,2,0,3,283,2022
Santa Lucía,806,0,120,11,2334,2022
Santo Tomé y Príncipe,907,22,153,14,3532,2022
Senegal,1461,13,192,29,3051,2022
Serbia,3764,72,700,61,7254,2022
Seychelles,371,16,42,5,1181,2022
Sierra Leona,2525,79,304,41,7252,2022
Sri Lanka,7136,155,1207,100,16020,2022
Sudáfrica,97639,1953,13591,1999,228102,2022
Sudán,666,26,121,13,1836,2022
Sudán del Sur,1677,56,216,33,5289,2022
Suecia,22464,220,2871,281,34365,2022
Suiza,19462,218,2009,258,31115,2022
Surinam,3649,130,377,56,10209,2022
Tahití,3251,44,497,45,10300,2022
Tailandia,5248,153,1932,142,9548,2022
Taiwán,11375,299,3924,179,20804,2022
Tanzania,19998,547,2137,416,54088,2022
Timor Oriental,397,13,94,5,1152,2022
Tinián,10,0,1,1,30,2022
Togo,22500,588,2590,349,54625,2022
Tonga,211,5,41,3,647,2022
Trinidad y Tobago,10623,192,1578,130,27960,2022
"Turcas y Caicos, Islas",352,0,58,7,976,2022
Turquía,5438,110,1928,70,9244,2022
Tuvalu,97,0,3,1,210,2022
Ucrania,127378,1941,18592,1429,211528,2022
Uganda,9262,419,1208,167,28907,2022
Uruguay,11960,193,1885,149,25010,2022
Vanuatu,635,19,99,13,3584,2022
Venezuela,131634,2758,31316,1714,355695,2022
"Vírgenes Brit., Islas",218,0,30,4,765,2022
"Vírgenes de EE. UU., Islas",592,1,108,8,1289,2022
"Wallis y Futuna, Islas",66,2,6,1,212,2022
Yap,34,2,7,1,132,2022
Zambia,215382,4770,18034,3529,864131,2022
Zimbabue,45582,730,7190,1036,105824,2022
33 paises y territorios mas,209245,4913,44286,2810,327548,2022
Albania,5461,90,1354,83,10644,2023
Alemania,174907,3020,21801,2002,273222,2023
Andorra,174,0,23,3,351,2023
Angola,169960,12182,28019,2567,643854,2023
Anguila,62,0,10,1,254,2023
Antigua,481,5,45,7,1301,2023
Argentina,153751,3120,36889,1938,306400,2023
Armenia,11313,374,2429,134,25977,2023
Aruba,1097,30,147,14,2725,2023
Australia,71188,925,9920,726,114089,2023
Austria,22443,371,2524,283,35177,2023
Azerbaiyán,1736,79,496,23,3642,2023
Azores,802,16,139,15,1651,2023
Bahamas,1750,33,301,28,4489,2023
Bangladesh,346,12,131,6,1189,2023
Barbados,2350,57,206,30,6020,2023
Bélgica,26424,497,2617,338,44558,2023
Belice,2492,54,478,53,7698,2023
Benín,14838,901,2004,260,44735,2023
Bermudas,425,4,70,5,870,2023
Bielorrusia,6082,130,1552,82,11235,2023
Bolivia,29440,1073,8633,452,79933,2023
Bonaire,139,0,31,2,392,2023
Bosnia-Herzegovina,969,5,192,16,1507,2023
Botsuana,2391,36,364,42,6115,2023
Brasil,907121,22660,177715,12637,1819948,2023
Bulgaria,2832,79,794,57,6181,2023
Burkina Faso,1986,82,243,50,4462,2023
Burundi,18129,1032,2979,374,65540,2023
Cabo Verde,2277,86,401,35,7802,2023
"Caimán, Islas",301,0,41,3,728,2023
Camboya,1116,35,540,17,2545,2023
Camerún,44558,2139,6317,500,103587,2023
Canadá,120388,1797,18041,1164,189604,2023
"Centroafricana, Rep.",2932,224,300,64,20176,2023
Chad,912,38,101,23,4045,2023
"Checa, Rep.",16764,238,1818,217,30590,2023
Chile,87175,1442,21308,964,192704,2023
Chipre,3116,62,650,41,5673,2023
Chuuk,30,0,7,2,103,2023
Colombia,186712,6305,35049,2271,544651,2023
"Congo, Rep. del",9517,784,1527,123,30468,2023
"Congo, Rep. Dem. del",257672,23141,24413,4385,1243439,2023
"Cook, Islas",193,0,31,3,538,2023
Corea del Sur,106161,1695,51908,1252,138920,2023
Costa de Marfil,12712,577,1636,227,52398,2023
Costa Rica,32084,807,4683,429,70119,2023
Croacia,4687,50,477,57,7256,2023
Cuba,87907,1615,8880,1366,194684,2023
Curazao,1967,36,242,24,5219,2023
Dinamarca,14639,216,1421,172,20460,2023
Dominica,413,6,54,10,1272,2023
"Dominicana, Rep.",38792,1016,7938,536,117176,2023
Ecuador,100195,3153,22943,1212,282370,2023
El Salvador,37680,677,5294,607,81625,2023
Eslovaquia,11276,192,1177,134,21751,2023
Eslovenia,1726,29,270,27,2727,2023
España,122061,2245,24881,1397,201792,2023
Estados Unidos,1233609,23029,238987,11942,2355217,2023
Estonia,4110,65,695,54,6719,2023
Esuatini,3269,43,390,76,8345,2023
Etiopía,11512,404,2573,206,26409,2023
"Feroe, Islas",137,3,28,4,187,2023
Filipinas,253876,12954,59244,3552,665087,2023
Finlandia,18186,239,2493,272,26038,2023
Fiyi,3005,107,539,60,12901,2023
Francia,138133,2739,21069,1461,230018,2023
Gabón,4570,225,659,59,12446,2023
Gambia,316,17,54,5,687,2023
Georgia,18841,704,3867,224,34169,2023
Ghana,153657,9500,17327,2484,368436,2023
Gibraltar,161,0,26,2,213,2023
Gran Bretaña,142073,2361,20744,1599,224661,2023
Granada,557,9,85,9,1388,2023
Grecia,27759,490,4819,345,43572,2023
Groenlandia,119,2,31,5,278,2023
Guadalupe,8488,159,1036,118,19549,2023
Guam,709,19,177,9,1622,2023
Guatemala,39022,1255,6768,825,93889,2023
Guayana Francesa,2937,90,606,46,10469,2023
Guinea,1217,34,176,27,4616,2023
Guinea-Bisáu,205,12,50,4,719,2023
Guinea Ecuatorial,2542,189,304,30,7944,2023
Guyana,3280,111,519,46,12125,2023
Haití,17870,581,2547,262,68862,2023
Honduras,21646,711,4372,418,58906,2023
Hong Kong,5464,173,1451,70,9349,2023
Hungría,21332,465,2249,283,38999,2023
India,57795,2811,10791,999,166521,2023
Indonesia,31023,1190,6143,491,61059,2023
Irlanda,7974,107,1610,121,13498,2023
Islandia,418,3,69,7,728,2023
Israel,2129,63,429,32,3835,2023
Italia,250193,3879,49027,2804,424115,2023
Jamaica,10988,262,1535,152,31924,2023
Japón,214457,2106,71282,2888,296139,2023
Kazajistán,17287,382,4706,229,31006,2023
Kenia,31017,1454,3805,605,70228,2023
Kirguistán,5167,180,1481,86,10146,2023
Kiribati,118,0,24,2,433,2023
Kosovo,240,6,101,8,440,2023
Kosrae,10,0,5,1,56,2023
Lesoto,4222,178,596,81,10221,2023
Letonia,2135,37,385,29,3279,2023
Liberia,7922,380,863,146,39656,2023
Liechtenstein,98,0,9,1,146,2023
Lituania,2945,39,479,41,4761,2023
Luxemburgo,2183,0,273,31,3954,2023
Macao,379,6,111,6,824,2023
Macedonia del Norte,1233,14,191,23,2540,2023
Madagascar,40035,2858,7151,841,157128,2023
Madeira,1188,19,151,19,1846,2023
Malasia,5645,221,1560,119,11982,2023
Malaui,109108,6543,7396,1882,353572,2023
Mali,367,12,51,6,914,2023
Malta,877,7,147,11,1416,2023
"Malvinas, Islas",17,0,4,1,16,2023
"Marshall, Islas",138,2,27,4,742,2023
Martinica,4882,102,741,57,10497,2023
Mauricio,2124,66,329,27,5017,2023
Mayotte,144,3,51,3,366,2023
México,864738,25897,152723,12706,2184372,2023
Moldavia,17979,460,2587,195,33198,2023
Mongolia,432,9,188,8,1337,2023
Montenegro,397,5,120,7,823,2023
Montserrat,36,0,13,1,138,2023
Mozambique,87668,6763,7929,1651,352094,2023
Myanmar,5171,145,935,96,11975,2023
Namibia,2711,134,362,47,8793,2023
Nauru,18,0,2,1,85,2023
Nepal,2823,136,818,43,8064,2023
Nicaragua,28843,933,5131,466,81770,2023
Nieves,89,0,7,1,234,2023
Níger,373,10,46,9,881,2023
Nigeria,400375,13378,42575,6071,820920,2023
Niue,20,0,3,1,78,2023
Noruega,12034,184,1488,162,17728,2023
Nueva Caledonia,2693,97,343,34,7604,2023
Nueva Zelanda,14607,238,2023,170,26669,2023
Países Bajos,29584,448,2943,346,49084,2023
Pakistán,1259,53,76,16,4378,2023
Palaos,81,2,27,2,205,2023
"Palestinos, Territorios",78,2,14,2,213,2023
Panamá,18525,687,3605,310,53366,2023
Papúa Nueva Guinea,5692,280,784,89,41613,2023
Paraguay,11042,319,2394,186,22816,2023
Perú,133366,4177,32622,1551,372007,2023
Polonia,116307,1530,11323,1267,185930,2023
Ponapé,54,2,16,1,145,2023
Portugal,52498,929,6649,653,93441,2023
Puerto Rico,23032,335,4225,227,43543,2023
Reunión,3571,73,621,41,6839,2023
Rodríguez,68,0,11,1,166,2023
Rota,7,0,3,0,16,2023
Ruanda,33664,2945,5565,593,105966,2023
Rumania,39723,784,5833,528,81896,2023
Saba,18,0,6,0,55,2023
Saipán,220,9,55,3,529,2023
"Salomón, Islas",1907,108,208,50,11887,2023
Samoa Norteamericana,140,3,27,3,568,2023
Samoa,552,40,119,12,2311,2023
San Bartolomé,40,0,7,1,87,2023
San Cristóbal,341,7,43,3,754,2023
San Eustaquio,27,0,7,1,87,2023
San Marino,203,0,44,2,342,2023
San Martín (terr. francés),303,7,31,5,952,2023
San Martín (terr. holandés),324,14,40,4,848,2023
San Pedro y Miquelón,18,0,5,1,19,2023
San Vicente y las Granadinas,295,2,46,8,911,2023
Santa Elena,125,0,0,3,314,2023
Santa Lucía,787,10,120,11,2129,2023
Santo Tomé y Príncipe,901,36,154,14,3412,2023
Senegal,1564,58,212,29,3384,2023
Serbia,3733,82,730,60,6906,2023
Seychelles,360,11,46,5,1047,2023
Sierra Leona,2564,94,312,42,8034,2023
Sri Lanka,7003,206,1199,98,15721,2023
Sudáfrica,100331,1923,14367,1966,249364,2023
Sudán,643,25,102,13,2491,2023
Sudán del Sur,1910,134,232,34,6857,2023
Suecia,22454,303,2984,280,33899,2023
Suiza,20024,282,2246,258,32786,2023
Surinam,3397,81,401,55,9970,2023
Tahití,3194,111,498,45,10450,2023
Tailandia,5350,203,1983,144,10214,2023
Taiwán,11460,368,4013,177,20436,2023
Tanzania,20846,1415,2311,417,61072,2023
Timor Oriental,391,12,101,5,1185,2023
Tinián,10,0,2,1,33,2023
Togo,23432,1143,2786,363,65534,2023
Tonga,212,2,42,3,666,2023
Trinidad y Tobago,10529,226,1632,130,26040,2023
"Turcas y Caicos, Islas",340,4,63,7,1024,2023
Turquía,5692,182,2074,71,8873,2023
Tuvalu,93,0,3,1,202,2023
Ucrania,109375,1819,15961,1234,185910,2023
Uganda,9669,460,1275,175,30841,2023
Uruguay,12000,165,1971,149,22407,2023
Vanuatu,694,34,91,13,4308,2023
Venezuela,134096,5644,34854,1700,419189,2023
"Vírgenes Brit., Islas",222,0,32,4,668,2023
"Vírgenes de EE. UU., Islas",536,9,107,8,1355,2023
"Wallis y Futuna, Islas",70,2,7,2,272,2023
Yap,36,2,9,1,134,2023
Zambia,239427,11081,19960,3605,969298,2023
Zimbabue,48748,2727,7615,961,120702,2023
33 paises y territorios mas,210286,4426,45907,2778,325497,2023
Albania,5380,137,1381,78,10447,2024
Alemania,177240,2800,23199,1979,277109,2024
Andorra,165,0,23,3,340,2024
Angola,180925,9674,31995,2578,673685,2024
Anguila,67,0,11,1,201,2024
Antigua,468,15,49,7,1264,2024
Argentina,156673,4612,37500,1928,307955,2024
Armenia,11575,396,2558,128,25606,2024
Aruba,1112,24,157,13,2662,2024
Australia,71726,1696,9894,717,115566,2024
Austria,22630,306,2684,283,35446,2024
Azerbaiyán,2072,60,574,29,3866,2024
Azores,813,22,152,15,1627,2024
Bahamas,1723,42,315,28,4361,2024
Bangladesh,388,33,140,11,1116,2024
Barbados,2356,40,222,30,5957,2024
Bélgica,26568,541,2784,330,45170,2024
Belice,2494,98,475,52,7598,2024
Benín,15596,815,2384,283,49214,2024
Bermudas,425,0,71,5,850,2024
Bielorrusia,6100,111,1587,81,10711,2024
Bolivia,30258,1017,9229,452,79880,2024
Bonaire,148,0,28,2,423,2024
Bosnia-Herzegovina,955,12,190,16,1400,2024
Botsuana,2473,142,403,43,6321,2024
Brasil,926480,27652,180508,12704,1810952,2024
Bulgaria,2953,94,835,57,6475,2024
Burkina Faso,2123,85,279,55,4984,2024
Burundi,20040,1663,3620,394,77037,2024
Cabo Verde,2280,89,455,35,7595,2024
"Caimán, Islas",304,0,45,3,757,2024
Camboya,1213,56,571,21,2956,2024
Camerún,44670,2128,7109,579,109064,2024
Canadá,124407,1867,18609,1159,196562,2024
"Centroafricana, Rep.",3352,269,402,69,26006,2024
Chad,1016,74,120,25,4647,2024
"Checa, Rep.",17296,310,1939,219,30629,2024
Chile,88592,2333,21963,974,188741,2024
Chipre,3171,72,714,42,5723,2024
Chuuk,32,6,7,2,143,2024
Colombia,191405,5775,39886,2306,552793,2024
"Congo, Rep. del",10303,598,1804,131,33768,2024
"Congo, Rep. Dem. del",280107,19017,31097,4590,1403269,2024
"Cook, Islas",204,6,36,3,572,2024
Corea del Sur,106036,1868,54342,1245,137662,2024
Costa de Marfil,13331,532,1754,231,57615,2024
Costa Rica,32501,852,5136,422,70135,2024
Croacia,4671,47,474,56,7179,2024
Cuba,84508,1416,10155,1315,194715,2024
Curazao,1946,44,278,24,4963,2024
Dinamarca,14667,213,1502,173,20690,2024
Dominica,397,2,57,10,1240,2024
"Dominicana, Rep.",38466,1115,8482,532,117648,2024
Ecuador,102793,4156,25316,1196,275229,2024
El Salvador,37271,772,5638,589,79753,2024
Eslovaquia,11333,145,1139,135,21419,2024
Eslovenia,1735,22,291,24,2700,2024
España,125359,2299,26976,1369,208794,2024
Estados Unidos,1259538,23367,243002,11858,2408873,2024
Estonia,4122,64,701,53,6630,2024
Esuatini,3420,149,428,74,8116,2024
Etiopía,12166,675,3076,204,27357,2024
"Feroe, Islas",146,1,20,4,197,2024
Filipinas,266410,12201,68764,3662,680399,2024
Finlandia,18384,284,2551,270,25989,2024
Fiyi,3001,171,557,59,12047,2024
Francia,139932,2890,21933,1461,233207,2024
Gabón,4895,251,742,61,13343,2024
Gambia,334,10,59,6,774,2024
Georgia,19372,685,4009,217,33706,2024
Ghana,159140,8877,19208,2585,402031,2024
Gibraltar,168,0,34,2,225,2024
Gran Bretaña,144579,2395,21632,1579,229344,2024
Granada,536,9,83,9,1408,2024
Grecia,27760,413,5003,340,43584,2024
Groenlandia,132,0,38,5,330,2024
Guadalupe,8524,233,1084,115,19236,2024
Guam,761,11,182,9,1650,2024
Guatemala,39191,1109,7266,788,94610,2024
Guayana Francesa,3064,108,687,42,11545,2024
Guinea,1367,104,195,30,5018,2024
Guinea-Bisáu,215,13,52,4,792,2024
Guinea Ecuatorial,2863,181,386,34,8482,2024
Guyana,3324,98,507,45,12288,2024
Haití,16821,754,2748,251,70473,2024
Honduras,21638,649,4692,406,57560,2024
Hong Kong,5530,259,1536,72,9661,2024
Hungría,21559,487,2402,279,38516,2024
India,59122,3102,11958,1017,158775,2024
Indonesia,32345,1205,6782,488,61140,2024
Irlanda,8269,125,1638,122,13860,2024
Islandia,452,5,97,7,724,2024
Israel,2127,38,422,33,3762,2024
Italia,251493,4261,50661,2723,420423,2024
Jamaica,11088,266,1566,153,33310,2024
Japón,214020,1936,72546,2866,290165,2024
Kazajistán,17188,410,4823,224,29488,2024
Kenia,33107,1800,4466,598,80371,2024
Kirguistán,5268,167,1560,78,10211,2024
Kiribati,155,29,39,2,430,2024
Kosovo,251,1,108,7,478,2024
Kosrae,10,0,4,1,45,2024
Lesoto,4340,110,714,82,11737,2024
Letonia,2115,23,383,29,3301,2024
Liberia,8800,657,1028,150,42384,2024
Liechtenstein,105,0,12,1,181,2024
Lituania,2925,42,476,39,4601,2024
Luxemburgo,2240,0,288,32,4116,2024
Macao,413,2,128,6,914,2024
Macedonia del Norte,1276,24,195,23,2529,2024
Madagascar,43217,3358,8219,863,169469,2024
Madeira,1199,19,167,19,1921,2024
Malasia,5697,190,1628,118,12315,2024
Malaui,117602,9804,8740,1997,414897,2024
Mali,378,15,47,6,934,2024
Malta,958,23,162,10,1503,2024
"Malvinas, Islas",13,1,5,1,21,2024
"Marshall, Islas",136,5,27,4,651,2024
Martinica,4847,98,795,56,10581,2024
Mauricio,2160,59,349,27,5036,2024
Mayotte,181,6,45,3,363,2024
México,878990,24946,165269,12310,2157985,2024
Moldavia,20538,461,3036,191,36328,2024
Mónaco,46,0,11,1,96,2024
Mongolia,449,15,206,8,1216,2024
Montenegro,432,1,141,7,769,2024
Montserrat,33,0,11,1,101,2024
Mozambique,99705,10775,10742,1942,411440,2024
Myanmar,5296,359,1093,98,11948,2024
Namibia,2962,229,404,50,9706,2024
Nauru,17,1,2,1,154,2024
Nepal,2913,179,896,58,7477,2024
Nicaragua,28885,873,5460,440,79346,2024
Nieves,78,0,8,1,265,2024
Níger,378,21,52,9,897,2024
Nigeria,406732,18930,47987,6145,857080,2024
Niue,20,0,4,1,68,2024
Noruega,12047,166,1565,161,17986,2024
Nueva Caledonia,2745,108,366,34,7833,2024
Nueva Zelanda,14732,411,2009,168,27088,2024
Países Bajos,29618,456,3190,340,48810,2024
Pakistán,1265,59,120,16,4389,2024
Palaos,77,1,26,2,182,2024
"Palestinos, Territorios",80,1,15,2,201,2024
Panamá,18867,609,3972,302,53614,2024
Papúa Nueva Guinea,5130,176,997,170,42591,2024
Paraguay,11532,344,2613,183,24613,2024
Perú,138118,5453,36455,1672,380481,2024
Polonia,114894,1465,11663,1268,181252,2024
Ponapé,57,1,16,1,226,2024
Portugal,54601,1046,7239,649,97193,2024
Puerto Rico,23000,394,4381,226,43407,2024
Reunión,3602,85,621,41,6837,2024
Rodríguez,69,1,8,1,174,2024
Rota,4,0,1,1,2,2024
Ruanda,37013,2656,6676,633,112816,2024
Rumania,40216,959,6059,527,83695,2024
Saba,20,0,4,1,58,2024
Saipán,236,17,60,3,546,2024
"Salomón, Islas",1904,104,240,46,10678,2024
Samoa,600,41,138,12,2587,2024
Samoa Americana,152,5,31,3,545,2024
San Bartolomé,38,0,5,1,96,2024
San Cristóbal,246,3,50,3,739,2024
San Eustaquio,37,0,7,1,85,2024
San Marino,212,0,42,2,329,2024
San Martín (terr. francés),324,3,36,5,1067,2024
San Martín (terr. holandés),308,11,45,4,956,2024
San Pedro y Miquelón,18,0,4,1,31,2024
San Vicente y las Granadinas,321,6,48,8,906,2024
Santa Elena,119,0,0,3,268,2024
Santa Lucía,800,13,123,11,2205,2024
Santo Tomé y Príncipe,897,62,180,14,3459,2024
Senegal,1606,51,243,28,3264,2024
Serbia,3759,104,762,60,7134,2024
Seychelles,373,4,42,5,1044,2024
Sierra Leona,2659,189,355,43,9081,2024
Sri Lanka,7013,251,1257,95,15745,2024
Sudáfrica,105359,4798,15784,1929,270310,2024
Sudán,367,22,29,3,42,2024
Sudán del Sur,2319,195,332,35,8313,2024
Suecia,22465,311,3062,274,34215,2024
Suiza,20367,356,2380,251,33366,2024
Surinam,3410,130,422,57,9816,2024
Tahití,3305,90,563,46,10242,2024
Tailandia,5526,164,2121,149,11118,2024
Taiwán,11761,310,4364,178,20475,2024
Tanzania,22347,1458,2835,418,66944,2024
Timor Oriental,396,25,113,5,1048,2024
Tinián,10,0,2,1,26,2024
Togo,24471,1248,3223,392,70943,2024
Tonga,256,11,47,3,594,2024
Trinidad y Tobago,10547,296,1668,127,26029,2024
"Turcas y Caicos, Islas",352,3,65,6,914,2024
Turquía,5318,196,1706,65,8239,2024
Tuvalu,103,0,4,1,222,2024
Ucrania,102972,1698,15655,1164,173551,2024
Uganda,10261,698,1467,183,36204,2024
Uruguay,11995,294,2025,150,22441,2024
Vanuatu,858,43,109,13,4046,2024
Venezuela,138146,4285,40484,1716,413102,2024
"Vírgenes Brit., Islas",231,0,32,4,734,2024
"Vírgenes de EE. UU., Islas",517,10,109,8,1264,2024
"Wallis y Futuna, Islas",84,0,11,2,277,2024
Yap,32,0,10,1,161,2024
Zambia,258013,18073,23330,3654,1085831,2024
Zimbabue,52895,3208,8636,974,131488,2024
33 paises y territorios mas,214313,3901,48253,2859,329181,2024
